<?xml version="1.0" encoding="utf-8" ?>
<dwsync>
<file name="bg-1.jpg" server="C:/xampp/htdocs/iAssess/iAssess/" local="131132166700000000" remote="131132166700000000" Dst="0" />
<file name="top-arrow.svg" server="C:/xampp/htdocs/iAssess/iAssess/" local="131132166700000000" remote="131132166700000000" Dst="0" />
<file name="favicon.ico" server="C:/xampp/htdocs/iAssess/iAssess/" local="131132166700000000" remote="131132166700000000" Dst="0" />
<file name="logo-black.png" server="C:/xampp/htdocs/iAssess/iAssess/" local="131132166700000000" remote="131132166700000000" Dst="0" />
<file name="ui1.png" server="C:/xampp/htdocs/iAssess/iAssess/" local="131132166700000000" remote="131132166700000000" Dst="0" />
<file name="ui2.png" server="C:/xampp/htdocs/iAssess/iAssess/" local="131132166700000000" remote="131132166700000000" Dst="0" />
<file name="mac2.png" server="C:/xampp/htdocs/iAssess/iAssess/" local="131132166700000000" remote="131132166700000000" Dst="0" />
<file name="app4.png" server="C:/xampp/htdocs/iAssess/iAssess/" local="131132166700000000" remote="131132166700000000" Dst="0" />
<file name="flat5.png" server="C:/xampp/htdocs/iAssess/iAssess/" local="131132166700000000" remote="131132166700000000" Dst="0" />
<file name="flat6.png" server="C:/xampp/htdocs/iAssess/iAssess/" local="131132166700000000" remote="131132166700000000" Dst="0" />
<file name="flat7.png" server="C:/xampp/htdocs/iAssess/iAssess/" local="131132166700000000" remote="131132166700000000" Dst="0" />
</dwsync>