<?xml version="1.0" encoding="utf-8" ?>
<data>

    <events>
		<event id="btnover">
			<rollover>
				<css name="btnOverCss">this</css>
			</rollover>
			
			<rollout>
				<css name="btnOutCss">this</css>
			</rollout>
		</event>

		<event id="optionover">
			<rollover>
				<css name="optionOverCss">this</css>
			</rollover>
			
			<rollout>
				<css name="optionOutCss">this</css>
			</rollout>
		</event>
		
		<event id="selectandsubmit">
			<click>
				<css name="optionOverCss">this</css>
				<function name="select">this</function>
				<function name="submit">this</function>
			</click>
		</event>

		<event id="select">
			<click>
				<css name="optionOverCss">this</css>
				<function name="select">this</function>
			</click>
		</event>

		<event id="submit">
			<click>
				<function name="submit">this</function>
			</click>
		</event>

		<event id="reset">
			<click>
				<function name="reset">this</function>
			</click>
		</event>
		
        <event id="begin">
            <click>
                <anim type="remove" animtime="0" oncomplete="0">openingText</anim>
                <function name="begin">this</function>
            </click>
        </event>

        <event id="loadNextQuestion">
            <click>
                <function name="loadNextQuestion">this</function>
            </click>
        </event>
		
		<event id="restart">
            <click>
                <function name="restart">this</function>
            </click>
        </event>

        <event id="showq1bg">
            <click>
                <anim type="show" animtime="2" oncomplete="0">q1bg</anim>
            </click>
        </event>

         <event id="hidepassbg">
            <click>
            	<anim type="hide" animtime="2" oncomplete="0">passbg</anim>
            </click>
        </event>

        <event id="showpassbg">
            <click>
                <anim type="show" animtime="5" oncomplete="0">passbg</anim>
            </click>
        </event>

        <event id="hidefailbg">
            <click>
            	<anim type="hide" animtime="2" oncomplete="0">failbg</anim>
            </click>
        </event>

        <event id="showfailbg">
            <click>
                <anim type="show" animtime="2" oncomplete="0">failbg</anim>
            </click>
        </event>
    </events>    

    <!--responsive timer-->
    <!--1 column layout, moves to top center on phones-->
    <box id="timerContainer" position="relative" x="0" y="0" height="20" anim="none" animtime="0.5" animdelay="1" class="col-md-8 col-md-offset-2 cent" z-index="2">

    </box>

  <!--opening text-->
    <box id="openingText" position="relative" margin-top="30" anim="top" animtime="1" ease="Bounce.easeOut" class="col-md-8 col-md-offset-2 cent" z-index="1">

    	<image id="img" position="relative" margin-bottom="30" anim="none" class="center-block"><![CDATA[http://www.placehold.it/300x200]]></image>

    	<text id="title" position="relative" anim="none"><![CDATA[<h1 class="m-b-md p-t-md">Welcome to iASSESS</h1><p class="p-t-md"><p>For each question, select the answer before your time runs out!</p><p class="p_16_black">Press "Start" when you're ready and do your best!</p>]]></text>

    	<button id="goBtn" position="relative" height="40" margin-top="20" display="inline-block" width="100" anim="none" event="btnover,begin" target="title" class="center-block"><![CDATA[START]]></button>
    </box>

    <!--timed quiz-->
    <custom type="quiz" id="quiz" position="relative" x="0" y="0" class="col-md-6 col-md-offset-3 cent">
		<settings timer="true" timerx="570" timery="80"/>
        
		<!-- question 1 -->
        <question id="q1" time="15" event="">

    		<text id="question" position="relative" x="0" margin-bottom="30" anim="show" animtime="1" animdelay="0.1" clear="both"><![CDATA[<p class="p_24">Which of the following items does not belong in the 5s system?</p>]]></text>

    		<box id="hcenter" position="relative" height="80" width="210" margin="0 auto" anim="none"/>

			<!--option 1 -->
			<option correct="true">
				<text id="option1_1" position="relative" margin-bottom="10" anim="show" animtime="1" animdelay="0.2" event="optionover,selectandsubmit" class="optionBox"><![CDATA[<p class="p_16 white">Sit</p>]]></text>
			</option>
			
			<!--option 2 -->	
			<option correct="false">
				<text id="option1_2" position="relative" margin-bottom="10" anim="show" animtime="1" animdelay="0.3" event="optionover,selectandsubmit" class="optionBox"><![CDATA[<p class="p_16 white">Shine</p>]]></text>
			</option>

			<!--option 3 -->	
			<option correct="false">
				<text id="option1_3" position="relative" margin-bottom="10" anim="show" animtime="1" animdelay="0.4" event="optionover,selectandsubmit" class="optionBox"><![CDATA[<p class="p_16 white">Sustain</p>]]></text>
			</option>
			
			<!--option 4 -->	
			<option correct="false">
				<text id="option1_4" position="relative" margin-bottom="10" anim="show" animtime="1" animdelay="0.4" event="optionover,selectandsubmit" class="optionBox"><![CDATA[<p class="p_16 white">Set in Order</p>]]></text>
			</option>
			<!--/options -->
			
			<!-- feedbacks -->
			<fb id="pass" event="">	

					<image id="passimage" position="relative" margin-bottom="30" anim="none" clear="both" class="img-responsive center-block"><![CDATA[../img/quiz/1.jpg]]></image>

					<text id="txt1" position="relative" anim="none" margin-bottom="30"><![CDATA[<p class="p_24">Correct!</p><p>The 5s system is composed of Sort, Set in Order, Shine, Standardize, and Sustain.</p>]]></text>
			
					<button id="nextQBtn" position="relative" width="150" display="inline-block" margin-bottom="10" anim="none" event="btnover,loadNextQuestion"><![CDATA[Try the next one]]></button>

					<text id="bottompad" position="relative" anim="none"><![CDATA[<p>&nbsp;</p>]]></text>

			</fb>
			
			<fb id="fail" event="">	

				<image id="failimage" position="relative" margin-bottom="30" anim="none" class="img-responsive center-block"><![CDATA[http://www.placehold.it/300x200]]></image>

				<text id="txt1" position="relative" anim="none" margin-bottom="30"><![CDATA[<p class="p_24">Nope!</p><p>The 5s system is composed of Sort, Set in Order, Shine, Standardize, and Sustain.</p>]]></text>
		
				<button id="nextQBtn" position="relative" width="150" display="inline-block" margin-bottom="10" anim="none" event="btnover,loadNextQuestion"><![CDATA[Try the next one]]></button>

				<text id="bottompad" position="relative" anim="none"><![CDATA[<p>&nbsp;</p>]]></text>
			</fb>
		</question>

		<!-- question 2 -->
        <question id="q2" time="15" event="">

    		<text id="question" position="relative" x="0" margin-bottom="40" anim="show" animtime="1" animdelay="0.1" clear="both"><![CDATA[<p class="p_24">What do you call to that setup utility where you configure the “Boot Priority Settings” where you can select the disk that contains the Operating System?</p>]]></text>

			<!--option 1 -->
			<option correct="false">
				<text id="option1_1" position="relative" margin-bottom="10" anim="show" animtime="1" animdelay="0.2" event="optionover,selectandsubmit" class="optionBox"><![CDATA[<p class="p_16 white">OHS</p>]]></text>
			</option>
			
			<!--option 2 -->	
			<option correct="false">
				<text id="option1_2" position="relative" margin-bottom="10" anim="show" animtime="1" animdelay="0.3" event="optionover,selectandsubmit" class="optionBox"><![CDATA[<p class="p_16 white">CMOS</p>]]></text>
			</option>

			<!--option 3 -->	
			<option correct="true">
				<text id="option1_3" position="relative" margin-bottom="10" anim="show" animtime="1" animdelay="0.4" event="optionover,selectandsubmit" class="optionBox"><![CDATA[<p class="p_16 white">BIOS</p>]]></text>
			</option>
			
			<!--option 4 -->	
			<option correct="false">
				<text id="option1_4" position="relative" margin-bottom="10" anim="show" animtime="1" animdelay="0.4" event="optionover,selectandsubmit" class="optionBox"><![CDATA[<p class="p_16 white">ISO</p>]]></text>
			</option>
			<!--/options -->

			<!-- feedbacks -->
			<fb id="pass" event="">	

					<image id="passimage" position="relative" margin-bottom="30" anim="none" clear="both" class="img-responsive center-block"><![CDATA[http://www.placehold.it/300x200]]></image>

					<text id="txt1" position="relative" anim="none" margin-bottom="30"><![CDATA[<p class="p_24">Correct!</p><p>BIOS is a special computer software or setup utility where you can select the disk that contains an Operating System. BIOS is an acronym for “Basic Input / Output System”</p>]]></text>
			
					<button id="nextQBtn" position="relative" width="150" display="inline-block" margin-bottom="10" anim="none" event="btnover,loadNextQuestion"><![CDATA[Try the next one]]></button>

					<text id="bottompad" position="relative" anim="none"><![CDATA[<p>&nbsp;</p>]]></text>

			</fb>
			
			<fb id="fail" event="">	
				
				<image id="failimage" position="relative" margin-bottom="30" anim="none" class="img-responsive center-block"><![CDATA[http://www.placehold.it/300x200]]></image>

				<text id="txt1" position="relative" anim="none" margin-bottom="30"><![CDATA[<p class="p_24">No!</p><p>BIOS is a special computer software or setup utility where you can select the disk that contains an Operating System. BIOS is an acronym for “Basic Input / Output System”</p>]]></text>
		
				<button id="nextQBtn" position="relative" width="150" display="inline-block" margin-bottom="10" anim="none" event="btnover,loadNextQuestion"><![CDATA[Try the next one]]></button>

				<text id="bottompad" position="relative" anim="none"><![CDATA[<p>&nbsp;</p>]]></text>
			</fb>
		</question>

		<!-- question 3 -->
        <question id="q3" time="15" event="">

    		<image id="img" position="relative" margin-top="30" margin-bottom="30" anim="show" animtime="1" animdelay="0" class="img-responsive center-block"><![CDATA[http://www.placehold.it/300x200]]></image>

    		<text id="question" position="relative" x="0" margin-bottom="30" anim="show" animtime="1" animdelay="0.1" clear="both"><![CDATA[<p class="p_24">If there is more than one correct option, can the engine handle it?</p>]]></text>


			<!--option 1 -->
			<option correct="true">
				<text id="option1_1" position="relative" margin-bottom="10" anim="show" animtime="1" animdelay="0.2" event="optionover,select" class="optionBox"><![CDATA[<p class="p_16 white">Yes. For example, this option is flagged as correct.</p>]]></text>
			</option>
			
			<!--option 2 -->	
			<option correct="true">
				<text id="option1_2" position="relative" margin-bottom="10" anim="show" animtime="1" animdelay="0.3" event="optionover,select" class="optionBox"><![CDATA[<p class="p_16 white">And this option is <i>also</i> flagged as correct.</p>]]></text>
			</option>

			<!--option 3 -->	
			<option correct="false">
				<text id="option1_3" position="relative" margin-bottom="30" anim="show" animtime="1" animdelay="0.4" event="optionover,select" class="optionBox"><![CDATA[<p class="p_16 white">But this option is flagged as incorrect.</p>]]></text>
			</option>
			<!--/options -->

			<box id="hcenter" position="relative" height="80" width="210" margin="0 auto" anim="none"/>

			<button id="submitBtn" target="hcenter" position="absolute" width="100" anim="disabled" animtime="0.3" animdelay="0.1" event="btnover,submit"><![CDATA[<p class="genericBtn">Confirm</p>]]></button>
			<button id="resetBtn" target="hcenter" position="absolute" x="110" width="100" anim="disabled" animtime="0.3" animdelay="0.1" event="btnover,reset"><![CDATA[<p class="genericBtn">Reset</p>]]></button>
			
			<!-- feedbacks -->
			<fb id="pass" event="">	

				<image id="passimage" position="relative" margin-bottom="30" anim="none" clear="both" class="img-responsive center-block"><![CDATA[http://www.placehold.it/300x200]]></image>

				<text id="txt1" position="relative" anim="none" margin-bottom="30"><![CDATA[<p class="p_24">Well done!</p><p>You selected all the correct answers. If you had selected <i>some</i> of the correct options, you would have generated "partially correct" feedback.</p>]]></text>
		
				<button id="nextQBtn" position="relative" width="150" display="inline-block" margin-bottom="10" anim="none" event="btnover,loadNextQuestion"><![CDATA[Try the next one]]></button>

				<text id="bottompad" position="relative" anim="none"><![CDATA[<p>&nbsp;</p>]]></text>
			</fb>

			<fb id="partial" event="">	
				
				<image id="partialimage" position="relative" margin-bottom="30" anim="none" clear="both" class="img-responsive center-block"><![CDATA[http://www.placehold.it/300x200]]></image>

				<text id="txt11" position="relative" anim="none" margin-bottom="30"><![CDATA[<p class="p_24">Not quite.</p><p>You selected some but not <i>all</i> of the correct options.</p><p>This is the "partial" feedback.</p>]]></text>
		
				<button id="nextQBtn" position="relative" margin-bottom="10" width="150" display="inline-block" anim="none" event="btnover,loadNextQuestion"><![CDATA[Try the next one]]></button>

				<text id="bottompad" position="relative" anim="none"><![CDATA[<p>&nbsp;</p>]]></text>
			</fb>
			
			<fb id="fail" event="">	
				
				<image id="failimage" position="relative" margin-bottom="30" anim="none" class="img-responsive center-block"><![CDATA[http://www.placehold.it/300x200]]></image>

				<text id="txt1" position="relative" anim="none" margin-bottom="30"><![CDATA[<p class="p_24">Bad luck!</p><p>You didn't select any of the correct options.</p>]]></text>
		
				<button id="nextQBtn" position="relative" width="150" display="inline-block" margin-bottom="10" anim="none" event="btnover,loadNextQuestion"><![CDATA[Try the next one]]></button>

				<text id="bottompad" position="relative" anim="none"><![CDATA[<p>&nbsp;</p>]]></text>
			</fb>
		</question>

		<!-- question 4 -->
        <question id="q4" time="15" event="">

    		<image id="img" position="relative" margin-top="30" margin-bottom="30" anim="show" animtime="1" animdelay="0" class="img-responsive center-block"><![CDATA[http://www.placehold.it/300x200]]></image>

    		<text id="question" position="relative" x="0" margin-bottom="30" anim="show" animtime="1" animdelay="0.1" clear="both"><![CDATA[<p class="p_24">Is option specific feedback supported?</p>]]></text>


			<!--option 1 -->
			<option correct="true">
				<text id="option1_1" position="relative" margin-bottom="10" anim="show" animtime="1" animdelay="0.2" event="optionover,selectandsubmit" class="optionBox"><![CDATA[<p class="p_16 white">Yes, this will generate feedback for option 1 (correct).</p>]]></text>
			</option>
			
			<!--option 2 -->	
			<option correct="false">
				<text id="option1_2" position="relative" margin-bottom="10" anim="show" animtime="1" animdelay="0.3" event="optionover,selectandsubmit" class="optionBox"><![CDATA[<p class="p_16 white">Yes, this will generate feedback for option 2.</p>]]></text>
			</option>

			<!--option 3 -->	
			<option correct="false">
				<text id="option1_3" position="relative" margin-bottom="30" anim="show" animtime="1" animdelay="0.4" event="optionover,selectandsubmit" class="optionBox"><![CDATA[<p class="p_16 white">Yes, this will generate feedback for option 3.</p>]]></text>
			</option>
			<!--/options -->
			
			<!-- feedbacks -->
			<!--option specific feedback, override generic feedback-->
			<fb id="1" event="">	
				<image id="fb1image" position="relative" x="0" y="0" margin-bottom="30" anim="none" class="img-responsive center-block"><![CDATA[http://www.placehold.it/300x200]]></image>

				<text id="txt1" position="relative" margin-bottom="30" anim="none"><![CDATA[<p class="p_24">Great!</p><p>This is the feedback for option 1 which is the correct option.</p>]]></text>
		
				<button id="nextQBtn" position="relative" margin-bottom="10" display="inline-block" width="150" anim="none" event="btnover,loadNextQuestion"><![CDATA[Try the next one]]></button>

				<text id="bottompad" position="relative" anim="none"><![CDATA[<p>&nbsp;</p>]]></text>
			</fb>
			
			<fb id="2" event="">	
				<image id="fb2image" position="relative" x="0" y="0" margin-bottom="30" anim="none" class="img-responsive center-block"><![CDATA[http://www.placehold.it/300x200]]></image>

				<text id="txt1" position="relative" margin-bottom="30" anim="none"><![CDATA[<p class="p_24">Option 2?</p><p>This is specific feedback for option 2 and unfortunately that was <i>not</i> the correct option.</p>]]></text>
		
				<button id="nextQBtn" position="relative" margin-bottom="10" display="inline-block" width="150" anim="none" event="btnover,loadNextQuestion"><![CDATA[Try the next one]]></button>

				<text id="bottompad" position="relative" anim="none"><![CDATA[<p>&nbsp;</p>]]></text>
			</fb>

			<fb id="3" event="">	
				<image id="fb3image" position="relative" x="0" y="0" margin-bottom="30" anim="none" class="img-responsive center-block"><![CDATA[http://www.placehold.it/300x200]]></image>

				<text id="txt1" position="relative" margin-bottom="30" anim="none"><![CDATA[<p class="p_24">Option 3?</p><p>This is the specific feedback for option 3 and unfortunately that was <i>not</i> the correct option.</p>]]></text>
		
				<button id="nextQBtn" position="relative" margin-bottom="10" display="inline-block" width="150" anim="none" event="btnover,loadNextQuestion"><![CDATA[Try the next one]]></button>

				<text id="bottompad" position="relative" anim="none"><![CDATA[<p>&nbsp;</p>]]></text>
			</fb>
		</question>

		<!-- question 5 -->
        <question id="q5" time="15" event="">

    		<image id="img" position="relative" margin-top="30" margin-bottom="30" anim="show" animtime="1" animdelay="0" class="img-responsive center-block"><![CDATA[http://www.placehold.it/300x200]]></image>

    		<text id="question" position="relative" x="0" margin-bottom="30" anim="show" animtime="1" animdelay="0.1" clear="both"><![CDATA[<p class="p_24">Can I do any of the following?</p>]]></text>


			<!--option 1 -->
			<option correct="true">
				<text id="option1_1" position="relative" margin-bottom="5" anim="show" animtime="1" animdelay="0.2" event="optionover,select" class="optionBox"><![CDATA[<p class="p_16 white">Change the time allowed for each question</p>]]></text>
			</option>
			
			<!--option 2 -->	
			<option correct="true">
				<text id="option1_2" position="relative" margin-bottom="5" anim="show" animtime="1" animdelay="0.3" event="optionover,select" class="optionBox"><![CDATA[<p class="p_16 white">Not use a timer at all</p>]]></text>
			</option>

			<!--option 3 -->	
			<option correct="true">
				<text id="option1_3" position="relative" margin-bottom="5" anim="show" animtime="1" animdelay="0.4" event="optionover,select" class="optionBox"><![CDATA[<p class="p_16 white">Use images as options instead of text</p>]]></text>
			</option>

			<!--option 4 -->	
			<option correct="true">
				<text id="option1_4" position="relative" margin-bottom="5" anim="show" animtime="1" animdelay="0.5" event="optionover,select" class="optionBox"><![CDATA[<p class="p_16 white">Set the passmark percentage</p>]]></text>
			</option>

			<!--option 5 -->	
			<option correct="true">
				<text id="option1_5" position="relative" margin-bottom="5" anim="show" animtime="1" animdelay="0.6" event="optionover,select" class="optionBox"><![CDATA[<p class="p_16 white">Change the animations and timings for individual elements</p>]]></text>
			</option>

			<!--option 6 -->	
			<option correct="true">
				<text id="option1_6" position="relative" margin-bottom="30" anim="show" animtime="1" animdelay="0.7" event="optionover,select" class="optionBox"><![CDATA[<p class="p_16 white">Change the styles, text, graphics and layout</p>]]></text>
			</option>
			<!--/options -->

			<box id="hcenter" position="relative" height="80" width="100" margin="0 auto" anim="none"/>

			<button id="submitBtn" target="hcenter" position="absolute" width="100" anim="disabled" animtime="0.3" animdelay="0.8" event="btnover,submit"><![CDATA[<p class="genericBtn">Confirm</p>]]></button>
			
			<!-- feedbacks -->
			<fb id="pass" event="">	

				<image id="passimage" position="relative" margin-bottom="30" anim="none" class="img-responsive center-block"><![CDATA[http://www.placehold.it/300x200]]></image>

				<text id="txt1" position="relative" anim="none" margin-bottom="30"><![CDATA[<p class="p_24">Yes!</p><p>You can do all of these things, just by changing XML attributes and css!</p>]]></text>
		
				<button id="nextQBtn" position="relative" width="230" display="inline-block" margin-bottom="10" anim="none" event="btnover,loadNextQuestion"><![CDATA[Overall, how did I do?]]></button>

				<text id="bottompad" position="relative" anim="none"><![CDATA[<p>&nbsp;</p>]]></text>
			</fb>

			<fb id="partial" event="">	
				
				<image id="partialimage" position="relative" margin-bottom="30" anim="none" clear="both" class="img-responsive center-block"><![CDATA[http://www.placehold.it/300x200]]></image>

				<text id="txt11" position="relative" anim="none" margin-bottom="30"><![CDATA[<p class="p_24">You got some but not all.</p><p>Actually you can do <i>all</i> of these things, just by changing XML attributes and css!</p>]]></text>
		
				<button id="nextQBtn" position="relative" margin-bottom="10" width="230" display="inline-block" anim="none" event="btnover,loadNextQuestion"><![CDATA[Overall, how did I do?]]></button>

				<text id="bottompad" position="relative" anim="none"><![CDATA[<p>&nbsp;</p>]]></text>
			</fb>
			
			<fb id="fail" event="">	
				
				<image id="failimage" position="relative" margin-bottom="30" anim="none" class="img-responsive center-block"><![CDATA[http://www.placehold.it/300x200]]></image>

				<text id="txt1" position="relative" anim="none" margin-bottom="30"><![CDATA[<p class="p_24">Nope!</p><p>Actually you can do <i>all</i> of these things, just by changing XML attributes and css!</p>]]></text>
		
				<button id="nextQBtn" position="relative" width="230" display="inline-block" margin-bottom="10" anim="none" event="btnover,loadNextQuestion"><![CDATA[Overall, how did I do?]]></button>

				<text id="bottompad" position="relative" anim="none"><![CDATA[<p>&nbsp;</p>]]></text>
			</fb>
		</question>
		
		
		<!--generic timeout text-->
		<timeout>
			<image id="timeoutimg" position="relative" margin-top="30" margin-bottom="30" anim="top" animtime="1" animdelay="0.3" ease="Bounce.easeOut" class="img-responsive center-block"><![CDATA[http://www.placehold.it/300x200]]></image>

			<text id="timeoutTxt" position="relative" margin-bottom="20" anim="top" animtime="1" animdelay="0.2" ease="Bounce.easeOut"><![CDATA[<p class="p_42 grey">Times up!</p>]]></text>
	
			<button id="startAgainBtn" position="relative" margin-bottom="30" display="inline-block" height="40" width="100" anim="top" animtime="1" animdelay="0.1" ease="Bounce.easeOut" event="btnover,restart"><![CDATA[Start again]]></button>
        </timeout>


        <!--score screen-->
        <score masteryscore="80">
           <fb id="pass" event="">
           		<image id="passimg" position="relative" margin-top="30" margin-bottom="30" anim="top" animtime="1" animdelay="0.3" ease="Bounce.easeOut" class="img-responsive center-block"><![CDATA[http://www.placehold.it/300x200]]></image>

				<text id="pass_txt" position="relative" margin-bottom="20" anim="top" animtime="1" animdelay="0.2" ease="Bounce.easeOut"><![CDATA[<p class="p_30">CONGRATULATIONS!</p><p class="p_24">You scored [score]%</p>]]></text>
				
				<button id="goBtn" position="relative" margin-bottom="30" display="inline-block" height="40" width="140" anim="top" animtime="1" animdelay="0.1" ease="Bounce.easeOut" event="btnover,restart,hidepassbg"><![CDATA[Play again?]]></button>
            </fb>
            
            <fb id="fail" event="">
            	<image id="failimg" position="relative" margin-top="30" margin-bottom="30" anim="top" animtime="1" animdelay="0.3" ease="Bounce.easeOut" class="img-responsive center-block"><![CDATA[http://www.placehold.it/300x200]]></image>

                <text id="fail_txt" position="relative" margin-bottom="20" anim="top" animtime="1" animdelay="0.2" ease="Bounce.easeOut"><![CDATA[<p class="p_32">Bad luck! You scored [score]%</p><p class="p_24">Why not have another go?</p>]]></text>
                    
				<button id="goBtn" position="relative" margin-bottom="30" display="inline-block" height="40" width="120" anim="top" animtime="1" animdelay="0.1" ease="Bounce.easeOut" event="btnover,restart,hidefailbg"><![CDATA[Start again]]></button>
            </fb>
        </score>

    </custom>

</data>

